[
    {
        "id": 1,
        "application": "Vegetation Monitoring India",
        "url": "/vegetation-monitoring/index.html"
    },
    {
        "id": 2,
        "application": "Energy Map Of India",
        "url": "/energymap/view/powergis.jsp"
    },
    {
        "id": 3,
        "application": "Vedas UVA",
        "url": "/uva/index.html"
    },
    {
        "id": 4,
        "application": "KrishiDSS-Dashboard",
        "url": "/krishi/dashboard/index.html"
    },
    {
        "id": 5,
        "application": "Wetland",
        "url": "/wetlands/index.html"
    },
    {
        "id": 6,
        "application": "New & Renewable Energy",
        "url": "renewable-energy/index.html"
    },
    {
        "id": 7,
        "application": "KrishiDSS-Field Level Analytics",
        "url": "/vstatic/vegetation_monitoring_krishidss/index.html"
    },
    {
        "id": 8,
        "application": "Air Quality Monitoring",
        "url": "/air-quality-monitoring/index.html"
    },
    {
        "id": 9,
        "application": "Hydrological Sciences",
        "url": "/hydro/index.html"
    },
    {
        "id": 10,
        "application": "Snow & Glaciers",
        "url": "/snow-cover/index.html"
    }

]